customer_id,age,gender,region,education_level,employment_type,annual_income,loan_amount,loan_purpose,credit_score,repayment_history,transaction_count,spending_ratio,join_date,default_flag
CUST1000,59.0,Male,North,Graduate,Salaried,406562.59,309942.47,Home,767.0,2,290,24.29,2022-07-03,0
CUST1001,49.0,Female,East,Post-Graduate,Salaried,206847.47,192947.24,Business,,0,40,53.54,2019-09-20,0
CUST1002,35.0,Male,East,Primary,,850861.45,177230.96,Business,550.0,1,221,51.43,2019-08-27,0
CUST1003,63.0,,West,Primary,Salaried,863041.7,525509.2,Business,,1,84,63.13,2021-03-07,0
CUST1004,28.0,Male,West,Graduate,Salaried,435290.31,434658.02,Education,689.0,0,87,90.43,2021-12-16,1
CUST1005,41.0,Male,South,Graduate,Self-Employed,710991.08,15949.2,Car,563.0,4,69,59.28,2020-12-16,0
CUST1006,59.0,Male,East,Secondary,Salaried,900488.07,547415.62,Home,857.0,3,132,55.92,2022-05-05,0
CUST1007,39.0,Female,North,Post-Graduate,Self-Employed,701256.67,688478.33,Other,724.0,3,26,14.28,2023-10-20,0
CUST1008,43.0,Male,West,Post-Graduate,Salaried,351711.34,221134.97,Other,727.0,1,220,15.35,2020-06-29,1
CUST1009,31.0,Female,North,Graduate,Salaried,591776.65,410508.81,Car,776.0,2,111,25.92,2019-08-17,0
CUST1010,31.0,Male,North,Secondary,,981702.36,264777.54,Business,639.0,2,113,12.76,2021-10-27,0
CUST1011,44.0,Male,East,Post-Graduate,Salaried,711756.66,463095.25,Home,689.0,1,185,73.18,2019-08-23,0
CUST1012,56.0,Other,East,Graduate,Salaried,,140118.4,Other,588.0,2,168,71.48,2019-05-29,0
CUST1013,60.0,,West,Primary,Salaried,735407.3,337139.78,Other,637.0,0,72,21.56,2023-03-11,0
CUST1014,44.0,Male,East,Post-Graduate,Salaried,436122.16,2633182.7,Business,707.0,1,296,81.07,2023-11-02,1
CUST1015,23.0,Female,East,Secondary,Salaried,494788.7,572428.11,Car,563.0,0,184,23.16,2020-12-02,1
CUST1016,42.0,Female,East,Secondary,Salaried,734716.29,426769.25,Home,635.0,1,185,35.6,2025-11-26,0
CUST1017,22.0,Female,North,Secondary,Self-Employed,854217.95,288971.85,Car,615.0,3,173,31.16,2023-05-12,0
CUST1018,44.0,Male,West,Primary,Salaried,4624881.2,63331.8,Car,690.0,2,26,41.65,2025-04-07,0
CUST1019,64.0,Male,South,Post-Graduate,Salaried,,213641.05,Home,720.0,3,70,31.65,2020-03-20,0
CUST1020,50.0,Female,North,Post-Graduate,Salaried,758280.13,265530.79,Home,732.0,2,25,51.56,2023-12-21,1
CUST1021,58.0,Female,East,Primary,Self-Employed,946761.03,224407.92,Other,750.0,1,104,44.63,2020-12-24,0
CUST1022,22.0,Female,North,Post-Graduate,Salaried,403229.56,360719.53,Other,,3,107,93.86,2018-10-17,0
CUST1023,41.0,Male,East,Primary,Salaried,1021686.78,288460.21,Home,723.0,1,51,14.75,2024-08-20,0
CUST1024,53.0,Female,East,Primary,Salaried,1059735.21,380981.85,Education,812.0,2,43,22.09,2020-02-08,0
CUST1025,32.0,Female,North,Primary,Unemployed,1306271.58,566472.91,Other,250.0,3,289,14.49,2024-11-19,0
CUST1026,42.0,Male,West,Secondary,Salaried,707733.36,276836.8,Education,668.0,2,94,63.2,2019-04-16,0
CUST1027,64.0,Male,East,Post-Graduate,Salaried,,101083.94,Home,723.0,1,89,14.63,2024-01-06,0
CUST1028,45.0,Male,West,Primary,Salaried,856748.6,223692.63,Other,665.0,4,277,81.1,2018-03-29,1
CUST1029,47.0,Male,South,Post-Graduate,Salaried,849450.67,455045.92,Car,810.0,1,192,53.51,2024-09-09,0
CUST1030,62.0,Male,East,Secondary,Salaried,931591.72,472029.88,Home,900.0,2,163,54.8,2020-02-29,0
CUST1031,48.0,Male,West,Primary,Salaried,846008.3,423095.34,Business,733.0,0,247,57.74,2022-07-23,0
CUST1032,36.0,,West,Graduate,Self-Employed,623484.52,584132.72,Education,689.0,0,77,24.52,2021-08-02,0
CUST1033,,Male,South,Secondary,Self-Employed,955499.28,316454.65,Home,651.0,1,53,26.8,2020-05-14,0
CUST1034,64.0,,West,Graduate,Salaried,382186.46,719389.91,Home,729.0,3,105,37.1,2021-07-17,0
CUST1035,23.0,Female,West,Post-Graduate,Self-Employed,651463.08,497273.68,Other,601.0,1,6,60.45,2018-01-24,0
CUST1036,57.0,Male,South,Post-Graduate,,,104227.74,Other,787.0,1,248,27.86,2023-03-02,0
CUST1037,27.0,Other,East,Secondary,Salaried,337438.38,674118.55,Other,668.0,0,180,19.89,2018-11-07,1
CUST1038,41.0,Female,West,Post-Graduate,Salaried,480631.09,211942.41,Business,701.0,2,242,92.46,2022-01-24,0
CUST1039,29.0,Male,West,Graduate,Unemployed,817936.82,163861.79,Other,616.0,1,63,11.87,2021-05-16,0
CUST1040,59.0,Male,West,Primary,Salaried,748477.99,444278.8,Home,731.0,2,103,78.23,2025-06-04,0
CUST1041,38.0,Male,North,Primary,,431243.65,37127.51,Other,648.0,1,6,76.98,2024-10-21,0
CUST1042,24.0,Male,South,Primary,Salaried,545951.5,224815.54,Car,,1,247,35.26,2019-12-07,0
CUST1043,45.0,Female,North,Secondary,Salaried,,630277.74,Other,733.0,4,215,21.53,2021-09-21,1
CUST1044,34.0,Female,South,Post-Graduate,Salaried,895121.25,450119.16,Business,635.0,2,127,22.38,2019-02-26,0
CUST1045,29.0,Male,East,Graduate,Salaried,586029.66,496203.16,Car,,0,233,69.28,2022-11-09,1
CUST1046,46.0,Female,East,Post-Graduate,Salaried,1098038.98,231756.09,Home,787.0,1,86,64.64,2024-06-26,0
CUST1047,22.0,Female,West,Post-Graduate,Salaried,670275.06,73093.4,Home,667.0,2,148,76.53,2025-03-19,0
CUST1048,40.0,Male,South,Post-Graduate,Salaried,595064.92,477227.14,Education,,4,144,89.69,2020-08-04,0
CUST1049,48.0,Female,East,Primary,Self-Employed,570794.56,517446.11,Car,714.0,1,33,68.81,2021-04-01,1
CUST1050,27.0,Other,South,Graduate,Salaried,588950.04,509298.81,Education,592.0,0,274,23.25,2023-01-09,0
CUST1051,64.0,Other,East,Graduate,Salaried,677705.27,387632.46,Car,712.0,3,251,30.69,2022-04-14,1
CUST1052,28.0,Male,North,Post-Graduate,Self-Employed,1278101.89,175927.72,Car,687.0,1,16,81.59,2020-04-28,1
CUST1053,55.0,Female,East,Primary,Salaried,565285.08,788798.53,Business,635.0,5,110,27.79,2022-05-09,1
CUST1054,34.0,Male,North,Primary,Salaried,573411.63,436361.74,Education,250.0,2,36,16.16,2021-08-11,0
CUST1055,37.0,Female,East,Graduate,Unemployed,666398.46,318700.4,Business,722.0,6,78,69.78,2023-09-21,0
CUST1056,56.0,Other,West,Primary,Salaried,922568.63,319499.14,Car,759.0,0,175,44.21,2023-05-02,0
CUST1057,,Female,North,Primary,Salaried,,376927.55,Home,693.0,2,73,88.2,2021-08-01,0
CUST1058,24.0,Female,East,Primary,Salaried,763773.18,542529.49,Car,580.0,1,141,65.27,2019-01-22,0
CUST1059,22.0,Female,West,Secondary,Salaried,445643.71,384133.06,Business,606.0,2,104,17.69,2023-07-29,0
CUST1060,26.0,Female,North,Post-Graduate,Salaried,788318.17,504532.37,Education,650.0,0,150,90.57,2021-03-07,0
CUST1061,62.0,Male,West,Graduate,Salaried,526560.01,377251.58,Education,790.0,2,13,31.98,2023-07-19,0
CUST1062,,Male,South,Graduate,Salaried,73974.42,329776.3,Business,663.0,2,66,38.66,2019-12-17,0
CUST1063,49.0,Male,South,Secondary,Salaried,742394.4,465425.07,Education,647.0,1,189,44.19,2024-10-14,0
CUST1064,38.0,Female,North,Post-Graduate,Unemployed,740286.19,458591.49,Other,563.0,3,33,14.35,2025-02-14,0
CUST1065,46.0,Male,East,Graduate,Self-Employed,505229.92,319465.86,Home,634.0,1,118,52.2,2025-10-18,0
CUST1066,64.0,Male,North,Primary,Salaried,490414.03,215142.75,Home,,0,147,20.48,2019-03-02,0
CUST1067,54.0,Male,West,Graduate,,322156.82,411511.2,Home,610.0,1,124,44.08,2021-12-10,0
CUST1068,30.0,Female,East,Primary,Self-Employed,843274.99,1456411.04,Education,688.0,1,174,39.81,2023-09-05,0
CUST1069,56.0,Female,South,Secondary,Salaried,870553.95,250123.09,Education,,2,161,75.69,2019-01-20,0
CUST1070,34.0,,East,Primary,Salaried,430237.28,198367.91,Car,799.0,3,264,78.27,2018-02-25,0
CUST1071,51.0,,South,Graduate,Unemployed,515016.39,423885.65,Car,755.0,5,86,23.04,2025-05-05,0
CUST1072,35.0,Female,East,Graduate,Salaried,634177.72,449017.11,Home,,1,246,41.16,2018-04-16,0
CUST1073,28.0,Female,East,Graduate,Self-Employed,7306297.92,285194.22,Other,616.0,2,176,41.74,2025-12-06,0
CUST1074,34.0,Male,East,Secondary,Unemployed,786280.44,245611.33,Car,,3,235,22.87,2019-11-01,0
CUST1075,43.0,Female,West,Secondary,Salaried,414146.12,200554.07,Car,796.0,3,212,77.87,2019-01-11,0
CUST1076,60.0,Male,West,Post-Graduate,Salaried,725945.08,1675223.56,Education,526.0,3,79,70.11,2020-01-13,0
CUST1077,41.0,Male,North,Graduate,Salaried,305827.11,205284.13,Other,687.0,0,274,26.18,2020-08-24,0
CUST1078,,Female,North,Primary,Self-Employed,829497.58,753404.22,Home,,3,118,41.17,2018-11-04,0
CUST1079,65.0,Male,South,Secondary,Self-Employed,1068886.85,276149.34,Car,725.0,3,66,18.99,2023-11-09,0
CUST1080,38.0,Male,West,Graduate,Self-Employed,1069947.92,86538.57,Other,816.0,2,106,63.4,2020-03-12,0
CUST1081,44.0,Male,South,Graduate,Salaried,833723.38,344569.1,Other,646.0,4,214,20.32,2018-04-20,0
CUST1082,46.0,Male,North,Secondary,Self-Employed,504146.91,336853.97,Home,536.0,2,259,93.8,2022-07-23,0
CUST1083,45.0,Male,South,Post-Graduate,Unemployed,324774.56,550109.34,Other,,1,24,76.36,2025-03-17,0
CUST1084,65.0,Female,North,Secondary,Salaried,299948.74,401862.72,Other,777.0,0,62,43.17,2018-12-06,1
CUST1085,61.0,Female,West,Secondary,Unemployed,51554.28,199909.67,Other,659.0,2,116,59.18,2022-05-08,0
CUST1086,49.0,Female,East,Primary,Self-Employed,823463.94,298449.46,Car,631.0,0,200,87.46,2020-09-05,0
CUST1087,,Female,West,Primary,Self-Employed,624291.12,408935.56,Home,649.0,3,96,57.1,2024-07-31,0
CUST1088,65.0,Female,South,Post-Graduate,Salaried,877304.04,39648.57,Other,740.0,1,56,24.83,2023-03-31,0
CUST1089,21.0,Female,South,Graduate,Salaried,1007007.87,590951.91,Other,648.0,0,297,42.19,2018-06-17,1
CUST1090,45.0,Male,West,Secondary,Salaried,674976.39,200389.42,Car,,2,12,81.67,2019-07-11,0
CUST1091,27.0,,West,Post-Graduate,Salaried,686490.4,605067.89,Home,682.0,0,102,64.76,2020-06-23,0
CUST1092,29.0,Male,North,Primary,Salaried,4805279.19,420643.73,Education,675.0,1,240,65.31,2018-04-15,1
CUST1093,44.0,Male,South,Secondary,Self-Employed,563478.9,463326.94,Car,729.0,1,73,83.68,2023-08-10,0
CUST1094,21.0,Male,South,Graduate,Unemployed,832117.48,556896.22,Home,646.0,2,49,85.99,2024-01-07,0
CUST1095,,Male,West,Primary,Self-Employed,606406.24,453163.77,Other,650.0,1,141,88.18,2018-05-26,1
CUST1096,28.0,Female,East,Primary,Salaried,570248.08,471119.52,Home,736.0,0,238,18.06,2025-07-26,0
CUST1097,44.0,,South,Primary,Salaried,645420.79,320405.04,Home,611.0,1,36,56.25,2020-05-23,0
CUST1098,31.0,Female,East,Post-Graduate,Salaried,871582.55,416990.36,Home,618.0,0,293,72.94,2018-10-26,0
CUST1099,37.0,Male,West,Graduate,Self-Employed,476834.61,244250.39,Education,592.0,2,130,74.34,2022-10-03,0
CUST1100,28.0,Male,West,Secondary,Self-Employed,633367.87,288186.0,Home,,2,71,61.57,2019-10-08,0
CUST1101,,Female,North,Post-Graduate,Unemployed,711319.46,703645.11,Education,673.0,1,34,24.18,2025-08-02,1
CUST1102,55.0,Female,South,Post-Graduate,Salaried,,204525.15,Other,588.0,2,118,77.78,2019-09-30,0
CUST1103,53.0,Male,East,Post-Graduate,Unemployed,,377777.08,Education,740.0,3,208,71.21,2024-04-05,0
CUST1104,25.0,Female,North,Primary,Self-Employed,470544.15,370424.43,Other,641.0,1,33,17.32,2024-11-16,1
CUST1105,62.0,Male,South,Graduate,Salaried,,294064.2,Other,619.0,2,135,49.42,2024-11-05,0
CUST1106,59.0,Male,North,Post-Graduate,Self-Employed,913264.36,442592.17,Education,666.0,3,189,24.79,2020-02-23,0
CUST1107,,Male,West,Secondary,Salaried,1158326.32,456149.98,Car,784.0,2,257,38.69,2020-06-15,0
CUST1108,48.0,Male,South,Graduate,Salaried,321560.55,183352.55,Business,652.0,3,290,11.54,2019-01-06,1
CUST1109,27.0,Other,North,Secondary,Salaried,376174.6,368244.21,Home,720.0,2,66,44.03,2019-05-02,1
CUST1110,29.0,Female,North,Graduate,Salaried,607800.8,155173.88,Business,731.0,2,7,56.74,2023-07-31,0
CUST1111,28.0,Male,East,Secondary,Salaried,,491938.75,Home,711.0,1,72,62.66,2024-01-22,0
CUST1112,32.0,Female,North,Primary,,846742.39,381767.72,Home,769.0,6,29,66.4,2021-09-22,0
CUST1113,,Female,South,Post-Graduate,Salaried,427216.75,364819.38,Other,631.0,2,183,81.08,2018-07-11,1
CUST1114,53.0,Other,South,Secondary,Salaried,384222.74,468625.64,Home,607.0,2,145,28.31,2019-12-31,0
CUST1115,43.0,Male,East,Graduate,Salaried,684521.79,300408.15,Home,606.0,1,235,20.24,2024-03-11,0
CUST1116,44.0,Male,South,Post-Graduate,Salaried,585399.82,514523.95,Education,670.0,1,167,82.38,2025-03-06,1
CUST1117,57.0,Male,West,Post-Graduate,Salaried,881680.25,179279.92,Business,614.0,1,134,23.31,2020-08-14,0
CUST1118,55.0,Male,South,Graduate,Salaried,771839.95,604137.77,Education,690.0,2,250,92.85,2019-01-16,0
CUST1119,64.0,Male,South,Secondary,Salaried,,250835.99,Home,,5,176,81.62,2025-06-13,0
CUST1120,60.0,Female,North,Primary,Salaried,623879.66,44687.77,Other,751.0,2,68,52.57,2020-03-08,0
CUST1121,42.0,,North,Primary,Salaried,1238895.06,290863.72,Education,700.0,1,35,93.42,2018-08-27,0
CUST1122,47.0,Male,South,Secondary,Salaried,440563.0,270445.72,Education,651.0,1,51,18.28,2025-07-10,1
CUST1123,55.0,Male,East,Post-Graduate,Self-Employed,802702.46,289506.68,Car,,2,134,35.76,2021-01-10,0
CUST1124,21.0,Male,North,Post-Graduate,,332577.5,391696.64,Home,608.0,3,114,64.25,2021-10-18,0
CUST1125,55.0,Male,East,Post-Graduate,,381633.08,547611.62,Other,677.0,1,73,39.75,2024-12-27,0
CUST1126,57.0,Male,South,Post-Graduate,Unemployed,498163.6,315492.94,Education,702.0,2,62,88.91,2024-02-28,0
CUST1127,34.0,Male,South,Secondary,Self-Employed,1057330.83,225508.84,Education,689.0,5,110,15.58,2022-03-08,0
CUST1128,23.0,Male,West,Post-Graduate,Unemployed,715973.61,147221.57,Other,709.0,1,260,56.7,2022-07-26,0
CUST1129,21.0,Male,North,Graduate,Self-Employed,502380.48,265727.1,Home,635.0,2,175,60.22,2018-02-06,1
CUST1130,25.0,Female,South,Post-Graduate,Salaried,743609.08,10191.53,Car,761.0,4,166,65.48,2025-05-15,0
CUST1131,46.0,Male,West,Primary,Salaried,658786.97,219476.04,Education,808.0,4,290,31.73,2023-06-20,0
CUST1132,34.0,Male,North,Post-Graduate,Salaried,527006.66,573929.7,Car,,3,75,40.99,2021-11-26,0
CUST1133,,Male,South,Secondary,,300842.79,201795.34,Business,595.0,2,259,81.71,2025-09-13,1
CUST1134,47.0,Female,South,Primary,Salaried,1009635.62,463168.85,Home,683.0,2,59,26.57,2025-07-16,0
CUST1135,29.0,Male,North,Secondary,,4917181.71,129233.22,Business,662.0,1,7,80.28,2025-02-05,0
CUST1136,35.0,Female,North,Secondary,Salaried,,668797.26,Business,813.0,1,30,57.83,2022-01-30,0
CUST1137,35.0,Female,North,Primary,Self-Employed,885080.41,680769.21,Business,695.0,1,130,74.79,2021-05-09,1
CUST1138,,Male,South,Secondary,Self-Employed,787829.93,456383.88,Home,777.0,3,57,70.66,2025-01-31,0
CUST1139,62.0,Female,South,Secondary,Salaried,541198.92,708425.47,Home,537.0,4,202,27.64,2023-07-16,0
CUST1140,33.0,Female,West,Post-Graduate,Self-Employed,376163.61,414042.74,Other,737.0,0,192,58.35,2024-09-07,0
CUST1141,52.0,Male,East,Graduate,Salaried,595567.25,488333.08,Car,630.0,3,190,83.76,2020-04-12,0
CUST1142,59.0,Male,North,Secondary,Self-Employed,368926.85,577148.1,Car,629.0,3,208,46.73,2019-08-20,0
CUST1143,52.0,Female,South,Secondary,Salaried,812547.6,382349.32,Other,663.0,2,15,92.16,2024-09-06,0
CUST1144,24.0,Male,South,Secondary,Unemployed,1058163.12,70572.06,Other,,3,150,48.44,2019-12-01,0
CUST1145,50.0,Other,North,Post-Graduate,Self-Employed,584771.93,492013.4,Business,711.0,5,89,22.14,2022-07-05,1
CUST1146,57.0,Male,East,Graduate,Salaried,886122.74,265065.27,Other,693.0,3,104,43.1,2023-07-12,1
CUST1147,,Female,North,Primary,Salaried,477692.73,278444.63,Education,,1,108,90.89,2019-03-17,0
CUST1148,59.0,Male,East,Post-Graduate,Salaried,574383.29,403621.08,Car,742.0,2,50,37.18,2023-02-04,1
CUST1149,65.0,Female,South,Post-Graduate,Salaried,446259.0,451930.56,Other,786.0,0,48,83.79,2022-06-29,0
CUST1150,35.0,Female,East,Graduate,Salaried,116716.74,377024.23,Education,655.0,2,282,84.91,2022-03-10,0
CUST1151,,Male,West,Graduate,Salaried,,464431.32,Education,713.0,3,185,39.77,2024-06-25,0
CUST1152,49.0,Male,South,Post-Graduate,Salaried,682112.93,222765.72,Education,701.0,4,191,17.08,2025-02-13,0
CUST1153,56.0,Male,West,Primary,Self-Employed,916465.25,342313.32,Education,706.0,0,118,71.59,2020-12-30,0
CUST1154,33.0,,North,Post-Graduate,Unemployed,848859.56,502835.38,Business,707.0,1,259,36.48,2019-07-22,0
CUST1155,,Male,North,Graduate,Salaried,852238.22,669102.41,Education,791.0,1,34,76.55,2018-08-24,0
CUST1156,27.0,Female,North,Primary,,406490.94,6594825.69,Business,648.0,1,268,47.63,2021-07-28,0
CUST1157,42.0,Male,East,Graduate,Salaried,764874.33,427935.8,Business,573.0,0,102,51.25,2021-03-31,0
CUST1158,48.0,Female,South,Primary,Self-Employed,1045648.49,501201.77,Education,631.0,1,119,76.12,2020-10-29,0
CUST1159,22.0,Female,North,Secondary,Salaried,744966.96,6360158.25,Car,733.0,2,280,42.5,2023-10-09,1
CUST1160,62.0,Female,North,Graduate,Unemployed,1107148.4,229249.51,Education,682.0,3,285,47.67,2023-01-15,0
CUST1161,65.0,,South,Graduate,Self-Employed,1154741.53,463345.97,Education,647.0,4,279,41.98,2018-08-13,0
CUST1162,26.0,,North,Post-Graduate,Salaried,8160361.0200000005,488301.73,Education,,1,265,41.22,2023-01-17,0
CUST1163,48.0,Male,West,Graduate,Salaried,475765.06,610615.06,Car,695.0,4,211,54.71,2025-07-10,0
CUST1164,48.0,Male,South,Graduate,Self-Employed,459634.46,145314.55,Home,725.0,1,215,78.75,2019-08-05,1
CUST1165,64.0,Male,South,Secondary,Self-Employed,270966.04,180906.96,Home,701.0,2,219,40.75,2018-06-18,0
CUST1166,64.0,Male,South,Graduate,Salaried,520399.28,353848.8,Business,662.0,1,44,54.56,2022-01-05,0
CUST1167,40.0,Male,West,Secondary,Salaried,951916.36,417990.98,Business,690.0,2,30,67.01,2018-01-14,0
CUST1168,50.0,Male,South,Secondary,,98990.61,552115.51,Car,690.0,5,31,32.9,2024-01-21,0
CUST1169,31.0,Female,West,Secondary,Salaried,390636.65,443157.88,Other,693.0,2,194,33.59,2021-12-14,1
CUST1170,48.0,Female,South,Secondary,Unemployed,618217.14,322745.62,Home,597.0,0,87,89.34,2025-09-05,0
CUST1171,45.0,Male,East,Primary,Salaried,2584222.2,424963.06,Business,694.0,2,174,71.5,2023-02-14,0
CUST1172,59.0,Male,North,Post-Graduate,Salaried,518178.51,404188.01,Home,649.0,2,171,59.06,2022-03-24,0
CUST1173,53.0,Male,East,Primary,Self-Employed,521917.58,664102.96,Car,753.0,2,192,65.06,2022-08-17,0
CUST1174,21.0,Male,North,Graduate,Salaried,585614.94,379818.61,Car,,1,173,12.49,2022-04-21,0
CUST1175,47.0,Male,West,Primary,Salaried,467636.33,281044.99,Other,738.0,5,293,62.54,2020-11-17,0
CUST1176,33.0,Female,East,Primary,Salaried,447196.7,430929.63,Other,659.0,1,233,53.31,2022-09-28,0
CUST1177,61.0,Male,South,Graduate,Salaried,7952196.959999999,385727.36,Car,661.0,1,101,56.39,2019-03-22,0
CUST1178,23.0,Female,North,Graduate,,912413.54,67221.2,Business,785.0,3,20,40.55,2019-12-17,1
CUST1179,59.0,Other,North,Graduate,Salaried,304864.16,347182.63,Home,711.0,4,283,16.93,2020-03-29,0
CUST1180,26.0,,East,Primary,Salaried,39899.35,331867.12,Education,630.0,4,139,26.43,2023-11-22,0
CUST1181,28.0,Female,West,Primary,Self-Employed,915843.71,252103.06,Other,743.0,0,30,90.81,2025-08-21,0
CUST1182,47.0,Female,East,Graduate,Salaried,342799.9,536404.99,Education,643.0,1,16,44.74,2019-03-02,0
CUST1183,29.0,Male,West,Post-Graduate,Salaried,703186.21,208577.67,Business,696.0,2,76,49.67,2021-01-29,0
CUST1184,57.0,Male,West,Post-Graduate,Salaried,258582.03,432011.35,Other,809.0,1,137,14.48,2022-04-14,0
CUST1185,53.0,Female,North,Secondary,Unemployed,974438.75,323385.74,Education,580.0,1,110,13.19,2025-05-10,0
CUST1186,,Female,East,Graduate,Self-Employed,,369385.1,Business,,1,224,70.96,2020-04-29,0
CUST1187,64.0,Female,East,Secondary,Salaried,695701.73,424121.53,Home,709.0,5,181,55.74,2022-03-26,1
CUST1188,44.0,Female,West,Post-Graduate,,626474.34,114636.61,Business,734.0,3,286,53.24,2021-02-03,0
CUST1189,35.0,Female,East,Secondary,Salaried,569465.11,384498.96,Other,593.0,4,137,30.67,2022-08-30,0
CUST1190,52.0,Other,South,Graduate,Self-Employed,845449.83,762010.55,Car,572.0,1,26,73.3,2023-06-25,0
CUST1191,52.0,Female,South,Graduate,Self-Employed,791921.69,69782.6,Home,756.0,1,273,24.3,2025-09-17,1
CUST1192,44.0,Female,East,Graduate,Self-Employed,900874.61,339630.57,Education,630.0,1,165,26.14,2018-10-04,1
CUST1193,61.0,Female,East,Primary,Self-Employed,493020.87,552183.08,Other,627.0,1,111,49.16,2022-12-12,0
CUST1194,32.0,Male,West,Secondary,Self-Employed,735029.43,404291.46,Car,789.0,1,283,34.33,2024-02-14,0
CUST1195,59.0,Female,South,Post-Graduate,Salaried,514382.98,473834.05,Business,,2,239,31.03,2023-04-24,0
CUST1196,22.0,Male,South,Post-Graduate,Salaried,385571.09,77619.88,Car,685.0,0,22,64.85,2023-11-23,0
CUST1197,,Male,North,Post-Graduate,Salaried,639746.14,457684.89,Other,667.0,2,246,65.33,2019-06-30,1
CUST1198,57.0,Female,West,Primary,Salaried,419371.82,212896.12,Other,,7,121,80.08,2024-08-24,0
CUST1199,37.0,Male,North,Primary,Self-Employed,943431.75,405777.91,Car,727.0,2,290,45.51,2018-04-20,0
CUST1200,22.0,Male,South,Graduate,Salaried,3041639.3699999996,344701.75,Business,709.0,3,286,16.21,2019-06-29,0
CUST1201,,Female,West,Post-Graduate,Salaried,740886.49,760099.95,Car,692.0,1,148,33.26,2024-07-29,0
CUST1202,48.0,Female,East,Primary,Salaried,6988022.02,448405.16,Other,672.0,2,209,93.3,2020-01-13,0
CUST1203,43.0,Male,West,Graduate,Salaried,719265.69,329727.71,Other,660.0,2,43,60.68,2024-06-22,0
CUST1204,57.0,Female,East,Post-Graduate,Salaried,519000.86,78255.3,Education,744.0,3,158,70.33,2021-07-13,0
CUST1205,52.0,Female,East,Secondary,Salaried,335697.18,371806.44,Education,670.0,1,180,10.63,2023-02-19,0
CUST1206,53.0,Male,West,Graduate,Salaried,770943.19,498181.2,Home,676.0,4,245,54.05,2020-12-24,0
CUST1207,21.0,Male,East,Primary,Salaried,591146.09,335500.66,Other,717.0,3,138,13.19,2018-11-29,0
CUST1208,39.0,Female,North,Primary,Salaried,721496.24,258981.86,Education,695.0,3,50,58.38,2022-03-17,0
CUST1209,22.0,Male,South,Graduate,Salaried,542789.27,246934.4,Car,795.0,7,54,88.27,2021-03-02,0
CUST1210,,,East,Graduate,Salaried,318015.87,446325.46,Business,557.0,3,170,92.32,2019-08-15,0
CUST1211,,Female,North,Primary,Salaried,920794.65,486689.83,Car,701.0,5,110,55.95,2020-02-22,1
CUST1212,52.0,Male,East,Secondary,,834189.44,595017.82,Business,631.0,3,220,48.95,2019-06-24,1
CUST1213,26.0,Male,South,Post-Graduate,Self-Employed,508259.76,170900.02,Education,614.0,2,150,90.33,2025-08-14,1
CUST1214,52.0,Male,North,Secondary,,667444.8,444675.96,Home,648.0,2,76,67.26,2022-04-08,0
CUST1215,24.0,Female,South,Graduate,Salaried,910504.87,328093.29,Car,684.0,1,277,15.52,2022-02-28,0
CUST1216,31.0,Male,South,Secondary,Self-Employed,535740.42,333397.84,Car,687.0,3,251,49.59,2025-04-22,0
CUST1217,37.0,Female,North,Primary,Salaried,574528.87,422328.65,Car,574.0,0,190,30.42,2019-09-11,1
CUST1218,58.0,Male,North,Graduate,Salaried,,423378.13,Business,642.0,1,74,49.93,2023-01-08,1
CUST1219,44.0,Female,North,Post-Graduate,Self-Employed,535227.23,445178.26,Education,700.0,1,154,48.71,2020-09-18,1
CUST1220,25.0,Male,West,Primary,Salaried,864273.0,159655.19,Car,619.0,2,250,59.48,2023-11-17,0
CUST1221,54.0,Female,North,Primary,Salaried,607774.8,215033.95,Car,602.0,2,266,40.33,2024-06-22,1
CUST1222,26.0,Male,North,Post-Graduate,Unemployed,453991.03,617456.29,Home,522.0,0,30,23.96,2023-12-11,0
CUST1223,42.0,Other,North,Post-Graduate,Self-Employed,802159.71,310296.96,Home,634.0,3,144,52.82,2025-10-17,0
CUST1224,,Female,North,Secondary,Salaried,364467.34,405082.59,Education,600.0,1,103,80.57,2022-06-05,0
CUST1225,36.0,Male,East,Graduate,Salaried,1153719.64,539839.94,Education,611.0,0,282,66.44,2022-02-27,0
CUST1226,53.0,Female,West,Post-Graduate,Salaried,1045624.09,433419.75,Other,661.0,3,55,38.76,2024-11-09,0
CUST1227,29.0,Male,South,Post-Graduate,,778373.87,448374.07,Home,,2,155,89.52,2019-06-06,0
CUST1228,26.0,Male,North,Graduate,Salaried,757332.76,511023.98,Other,598.0,0,108,87.54,2025-01-11,0
CUST1229,36.0,Male,East,Post-Graduate,Salaried,745610.35,30999.48,Business,,3,93,27.79,2020-07-05,0
CUST1230,49.0,Male,East,Post-Graduate,Salaried,527726.3,261808.97,Other,701.0,2,145,13.35,2019-12-18,1
CUST1231,23.0,,East,Secondary,Salaried,724327.41,3909141.36,Car,733.0,1,217,73.01,2024-06-20,0
CUST1232,40.0,Male,South,Primary,Self-Employed,419216.85,599775.98,Other,652.0,2,237,80.35,2025-07-19,0
CUST1233,56.0,Female,North,Primary,Self-Employed,775954.6,361897.2,Education,661.0,2,187,92.27,2025-07-20,1
CUST1234,39.0,Male,West,Primary,Salaried,866961.74,197951.04,Business,680.0,3,255,85.64,2023-04-21,1
CUST1235,46.0,Male,West,Primary,Salaried,555478.47,202744.51,Car,791.0,5,13,61.05,2019-07-14,0
CUST1236,23.0,Male,East,Post-Graduate,Salaried,,509095.02,Other,570.0,2,83,55.05,2020-08-26,0
CUST1237,39.0,Male,South,Graduate,Salaried,346880.74,310800.76,Business,651.0,0,56,12.37,2024-07-31,0
CUST1238,40.0,Male,South,Graduate,Self-Employed,1014488.81,348703.99,Business,559.0,2,273,30.97,2020-12-13,0
CUST1239,52.0,Female,South,Secondary,Salaried,521083.99,460705.43,Car,705.0,0,230,49.07,2020-06-08,0
CUST1240,27.0,Male,West,Secondary,Salaried,600315.24,172274.26,Other,670.0,2,55,63.42,2020-03-03,1
CUST1241,61.0,Male,East,Post-Graduate,Salaried,,710066.15,Business,694.0,3,190,57.37,2024-05-01,0
CUST1242,,Male,North,Graduate,Salaried,720551.91,218406.71,Business,691.0,0,38,73.12,2020-09-08,1
CUST1243,,Male,West,Graduate,Salaried,836640.02,393548.55,Home,749.0,2,295,33.78,2020-03-12,1
CUST1244,59.0,Female,East,Primary,Salaried,555167.52,43154.54,Business,718.0,1,234,58.02,2018-02-12,1
CUST1245,38.0,Male,East,Post-Graduate,Unemployed,365333.02,273942.6,Home,738.0,2,135,17.49,2022-05-29,0
CUST1246,60.0,Female,North,Post-Graduate,Salaried,321583.67,574043.85,Other,605.0,3,124,45.16,2025-12-19,1
CUST1247,21.0,Other,North,Primary,,505186.19,35629.369999999995,Other,764.0,4,251,73.76,2022-11-13,0
CUST1248,31.0,Male,North,Post-Graduate,Salaried,412037.38,552716.02,Other,629.0,0,196,68.94,2018-12-16,0
CUST1249,48.0,Female,South,Post-Graduate,Salaried,574095.82,300734.7,Education,633.0,0,214,94.2,2022-04-17,0
CUST1250,45.0,Male,North,Secondary,Unemployed,976894.7,437689.6,Other,699.0,1,107,33.62,2021-02-03,0
CUST1251,,Female,East,Graduate,,555680.45,468354.39,Business,701.0,1,137,52.35,2023-08-11,0
CUST1252,51.0,Male,North,Post-Graduate,Self-Employed,555587.28,429455.87,Car,605.0,6,143,38.01,2022-11-16,0
CUST1253,50.0,Female,East,Secondary,Salaried,645900.31,194308.88,Home,668.0,3,125,47.45,2019-08-07,0
CUST1254,62.0,Male,West,Graduate,Salaried,548593.75,284381.15,Education,784.0,1,98,82.84,2019-03-08,0
CUST1255,55.0,Male,South,Primary,Salaried,633152.19,86919.89,Other,577.0,3,133,68.16,2023-04-17,0
CUST1256,27.0,Male,West,Secondary,Self-Employed,785217.31,438523.34,Other,784.0,2,95,85.01,2023-10-02,0
CUST1257,36.0,Female,West,Secondary,Salaried,871187.76,656369.93,Car,663.0,1,96,27.3,2025-01-11,1
CUST1258,46.0,Female,East,Graduate,Salaried,900803.3,21600.64,Car,516.0,2,67,84.24,2021-09-10,0
CUST1259,22.0,Female,West,Primary,Unemployed,1164213.06,1490326.18,Education,950.0,3,33,15.08,2024-01-04,0
CUST1260,21.0,Male,East,Secondary,Salaried,792339.86,317280.45,Home,613.0,1,214,85.53,2023-07-24,0
CUST1261,32.0,Female,North,Post-Graduate,Salaried,,381201.46,Other,636.0,6,16,37.97,2021-04-04,0
CUST1262,25.0,Male,North,Post-Graduate,Salaried,455879.55,508251.73,Education,673.0,2,134,36.74,2021-03-08,0
CUST1263,57.0,Male,East,Post-Graduate,Unemployed,1172821.23,322604.0,Business,491.0,0,297,53.53,2025-04-30,0
CUST1264,52.0,Male,North,Primary,Salaried,554905.99,293127.43,Business,250.0,2,177,89.96,2018-10-26,1
CUST1265,29.0,Female,South,Secondary,Self-Employed,579495.27,548563.53,Education,606.0,3,212,14.06,2023-04-24,0
CUST1266,61.0,Male,West,Post-Graduate,Self-Employed,620031.86,469159.2,Other,777.0,1,28,39.94,2020-02-28,0
CUST1267,55.0,Female,South,Primary,Salaried,595344.82,447016.04,Education,661.0,3,103,82.81,2020-04-29,0
CUST1268,39.0,Female,West,Post-Graduate,Self-Employed,671460.1,370252.83,Other,746.0,0,143,43.66,2024-02-04,1
CUST1269,36.0,Male,North,Graduate,Salaried,5049930.0,526967.4,Car,758.0,1,178,26.93,2025-11-29,0
CUST1270,23.0,Male,South,Secondary,Salaried,857490.54,231864.31,Education,950.0,2,33,46.11,2021-10-09,0
CUST1271,40.0,Male,North,Secondary,Self-Employed,511791.24,207315.03,Other,640.0,1,147,42.77,2021-03-23,0
CUST1272,44.0,Male,West,Primary,Self-Employed,813902.6,484298.18,Education,639.0,1,46,87.81,2023-05-04,0
CUST1273,53.0,Male,East,Primary,Salaried,1031930.9,57493.53,Education,664.0,3,212,74.76,2020-05-27,0
CUST1274,44.0,,East,Secondary,Salaried,560724.41,366592.31,Other,725.0,3,196,52.93,2021-02-12,0
CUST1275,31.0,Female,South,Post-Graduate,,848595.85,293019.5,Other,644.0,1,164,94.01,2022-04-27,0
CUST1276,28.0,Male,North,Post-Graduate,Salaried,789789.82,96964.15,Home,950.0,0,68,49.55,2025-09-07,0
CUST1277,56.0,Female,North,Graduate,Salaried,,182371.84,Education,699.0,2,247,14.95,2024-10-28,0
CUST1278,58.0,Female,South,Post-Graduate,Salaried,523792.36,330384.3,Business,617.0,5,262,32.29,2025-07-18,0
CUST1279,60.0,Female,East,Primary,Salaried,848767.9,536113.39,Education,612.0,0,156,47.07,2025-04-03,0
CUST1280,40.0,Female,West,Primary,Salaried,243497.23,232467.56,Education,669.0,1,219,23.34,2022-07-05,0
CUST1281,55.0,Female,South,Post-Graduate,Salaried,,568408.65,Other,678.0,2,170,90.54,2023-03-19,1
CUST1282,45.0,,West,Primary,Salaried,738348.21,361372.26,Education,,1,35,75.18,2021-10-14,1
CUST1283,,Male,East,Secondary,Salaried,998289.99,585869.25,Education,727.0,3,236,32.8,2018-05-25,0
CUST1284,45.0,Female,North,Secondary,Self-Employed,343516.66,241191.51,Business,603.0,2,286,60.22,2024-05-11,0
CUST1285,49.0,,East,Post-Graduate,Salaried,846522.66,341214.27,Other,623.0,2,33,71.32,2024-12-31,0
CUST1286,38.0,Male,South,Secondary,Unemployed,634194.14,416327.05,Education,612.0,4,199,90.01,2021-04-17,0
CUST1287,38.0,,North,Secondary,Self-Employed,269618.09,317688.12,Car,779.0,4,260,84.94,2025-09-01,0
CUST1288,22.0,Male,South,Graduate,Salaried,,521544.35,Home,672.0,0,285,53.79,2023-02-05,1
CUST1289,55.0,Female,South,Graduate,Self-Employed,1077290.31,47361.47,Business,681.0,3,298,75.85,2023-01-29,0
CUST1290,36.0,Male,East,Secondary,Salaried,369894.34,786033.0,Education,684.0,3,91,57.78,2024-11-29,0
CUST1291,61.0,Male,South,Post-Graduate,Salaried,622515.57,504399.43,Car,630.0,1,153,56.98,2023-02-10,0
CUST1292,56.0,Male,East,Graduate,Salaried,403340.25,318764.27,Education,789.0,4,253,19.75,2021-01-03,0
CUST1293,53.0,Male,North,Primary,Salaried,532854.27,250582.1,Education,709.0,3,287,20.72,2021-02-25,0
CUST1294,24.0,Female,East,Primary,Salaried,1008042.54,194044.29,Other,683.0,1,202,55.01,2022-10-01,0
CUST1295,,Male,North,Primary,Salaried,582118.88,466210.79,Other,,1,48,32.85,2025-06-06,0
CUST1296,34.0,Female,East,Post-Graduate,Salaried,1000391.43,529096.7,Other,599.0,1,32,11.79,2019-07-22,1
CUST1297,41.0,Male,West,Secondary,Self-Employed,927263.51,320745.3,Car,658.0,1,21,71.44,2022-12-19,0
CUST1298,40.0,Female,West,Primary,Salaried,559315.52,549258.27,Education,631.0,1,131,12.76,2019-06-15,1
CUST1299,28.0,Male,South,Post-Graduate,Self-Employed,524350.13,186693.19,Home,605.0,1,172,60.6,2024-01-16,1
CUST1300,27.0,Male,East,Graduate,Salaried,,154914.05,Business,654.0,1,248,55.83,2022-04-11,0
CUST1301,23.0,Female,East,Secondary,Salaried,,676401.42,Other,665.0,6,80,92.35,2019-11-12,0
CUST1302,37.0,Other,North,Graduate,,738301.85,456399.55,Other,690.0,2,235,51.16,2023-09-02,0
CUST1303,53.0,,South,Post-Graduate,Salaried,645053.67,601432.68,Education,645.0,0,208,15.41,2020-12-06,1
CUST1304,32.0,Female,East,Primary,Salaried,494098.64,196290.85,Education,609.0,2,252,56.89,2025-01-16,0
CUST1305,42.0,Female,South,Primary,Salaried,262809.27,183765.43,Car,612.0,1,218,81.49,2019-12-30,0
CUST1306,42.0,Male,West,Post-Graduate,Salaried,676544.69,285450.32,Car,765.0,2,219,94.73,2022-09-26,0
CUST1307,50.0,Other,East,Primary,Unemployed,532611.96,201669.41,Other,592.0,3,162,46.58,2024-01-01,0
CUST1308,58.0,Male,East,Secondary,Salaried,601175.58,476965.74,Education,705.0,2,73,37.23,2019-10-30,1
CUST1309,58.0,Female,South,Post-Graduate,Unemployed,,214797.31,Home,,1,89,87.07,2022-06-01,0
CUST1310,65.0,Female,East,Graduate,Salaried,24549.28,139099.43,Business,672.0,4,271,26.26,2019-11-12,0
CUST1311,28.0,Female,South,Post-Graduate,Salaried,266681.35,375562.77,Education,804.0,2,73,62.31,2020-08-30,0
CUST1312,47.0,Male,East,Secondary,Salaried,1224110.77,117802.49,Education,715.0,5,103,44.49,2025-10-17,1
CUST1313,47.0,Male,North,Secondary,Salaried,523347.37,26096.49,Car,809.0,0,220,13.49,2023-11-03,0
CUST1314,54.0,Female,South,Post-Graduate,,20641.72,373986.3,Business,634.0,1,165,39.52,2024-09-29,0
CUST1315,41.0,Male,East,Post-Graduate,Self-Employed,287514.96,35140.39,Other,636.0,0,98,32.54,2025-07-04,0
CUST1316,50.0,Other,West,Primary,,1271116.84,489550.29,Education,717.0,2,178,68.32,2024-12-04,0
CUST1317,53.0,Female,East,Secondary,Salaried,474250.63,98839.93,Other,662.0,1,169,90.65,2024-11-08,0
CUST1318,48.0,,West,Post-Graduate,Unemployed,939753.81,53321.28,Education,798.0,2,119,32.78,2020-04-06,0
CUST1319,53.0,Female,West,Post-Graduate,Self-Employed,680279.5,297116.6,Other,704.0,2,224,78.97,2018-10-24,0
CUST1320,25.0,Male,North,Secondary,Self-Employed,528758.24,376027.01,Business,,2,35,14.71,2021-06-07,0
CUST1321,39.0,,South,Post-Graduate,Salaried,,438465.51,Car,558.0,3,15,55.74,2025-06-20,0
CUST1322,,Female,East,Primary,Salaried,53910.83,380962.83,Business,,1,134,16.0,2024-08-22,0
CUST1323,55.0,Male,North,Secondary,Salaried,289716.85,159323.73,Home,674.0,1,109,89.39,2024-10-04,0
CUST1324,37.0,Male,East,Primary,Salaried,526912.25,478351.01,Car,702.0,3,31,75.14,2023-11-23,1
CUST1325,64.0,Female,West,Primary,Salaried,314273.9,522824.93,Business,765.0,2,231,65.93,2022-09-25,1
CUST1326,48.0,Male,South,Primary,Self-Employed,504805.55,132962.82,Home,756.0,5,6,80.03,2023-07-18,0
CUST1327,50.0,Female,East,Primary,Salaried,863428.26,317418.9,Education,639.0,2,105,65.04,2018-11-26,0
CUST1328,49.0,Male,East,Secondary,Salaried,,300600.8,Education,589.0,0,25,92.36,2024-10-22,0
CUST1329,,Male,West,Primary,Unemployed,982654.26,389668.68,Other,594.0,1,62,70.69,2021-03-01,0
CUST1330,55.0,Male,East,Primary,Self-Employed,698843.82,313113.72,Car,628.0,2,184,88.6,2023-03-06,0
CUST1331,61.0,Male,East,Post-Graduate,Salaried,898115.21,337782.0,Education,654.0,2,24,53.96,2019-01-17,0
CUST1332,57.0,Male,West,Secondary,Self-Employed,633982.42,465526.8,Car,701.0,4,259,19.95,2023-12-26,0
CUST1333,44.0,Female,North,Secondary,Salaried,502431.13,149506.44,Education,624.0,2,42,54.9,2020-04-22,1
CUST1334,49.0,Male,West,Graduate,Salaried,1020142.01,482727.16,Other,700.0,2,152,20.78,2024-05-06,0
CUST1335,51.0,Male,North,Secondary,Salaried,472662.43,555403.89,Business,705.0,1,29,60.36,2019-01-31,0
CUST1336,,Male,South,Secondary,Salaried,735961.21,644144.3,Other,690.0,3,125,51.01,2024-11-16,0
CUST1337,53.0,Male,North,Graduate,Salaried,,35806.12,Home,601.0,3,30,62.92,2019-03-26,0
CUST1338,41.0,Male,North,Secondary,Salaried,860373.18,317077.7,Education,713.0,4,173,10.85,2021-09-16,0
CUST1339,52.0,Female,South,Secondary,Salaried,,22308.6,Home,826.0,5,229,26.56,2023-06-10,0
CUST1340,43.0,Female,North,Secondary,Salaried,912987.6,88311.46,Home,697.0,0,5,51.76,2021-08-01,0
CUST1341,53.0,,West,Secondary,Salaried,405261.19,375936.75,Car,473.0,0,265,90.79,2021-07-21,0
CUST1342,23.0,Female,North,Graduate,Self-Employed,852675.91,278152.68,Education,767.0,3,17,42.61,2023-08-30,1
CUST1343,38.0,Female,South,Secondary,Salaried,783793.37,403973.17,Home,631.0,0,52,46.07,2024-04-05,0
CUST1344,45.0,Male,West,Secondary,Salaried,854657.67,437502.98,Business,839.0,2,295,70.75,2021-07-17,0
CUST1345,62.0,Female,South,Graduate,Salaried,348749.12,574621.27,Home,688.0,4,98,61.32,2024-10-01,0
CUST1346,51.0,Other,South,Post-Graduate,Salaried,796982.44,359705.68,Business,562.0,3,265,35.41,2023-01-24,0
CUST1347,23.0,Male,East,Primary,Salaried,921398.42,876204.01,Car,535.0,0,282,44.92,2018-07-05,0
CUST1348,60.0,Male,East,Post-Graduate,Self-Employed,698348.95,405153.77,Home,788.0,0,209,28.5,2021-05-18,0
CUST1349,44.0,Female,South,Graduate,Salaried,445345.83,681646.23,Other,757.0,2,189,92.11,2021-12-08,1
CUST1350,52.0,Female,South,Primary,Salaried,879936.9,69910.8,Car,836.0,2,179,21.1,2018-09-10,1
CUST1351,42.0,Male,South,Graduate,Self-Employed,,592953.12,Business,681.0,1,73,41.61,2018-01-19,0
CUST1352,43.0,Female,East,Graduate,Salaried,231388.93,317463.11,Car,676.0,2,108,12.2,2025-07-22,1
CUST1353,,Female,East,Secondary,Salaried,,702.51,Home,653.0,0,250,28.85,2021-03-05,0
CUST1354,47.0,Female,North,Primary,Salaried,518426.37,425698.12,Education,634.0,3,165,76.34,2018-08-11,0
CUST1355,62.0,Female,North,Secondary,Salaried,1026454.57,295468.0,Education,653.0,0,204,27.1,2018-01-03,0
CUST1356,22.0,Female,South,Primary,Salaried,982545.77,454409.58,Business,695.0,0,220,16.81,2021-06-13,1
CUST1357,46.0,Male,West,Graduate,Salaried,981742.13,531993.76,Business,621.0,1,216,50.33,2020-05-03,0
CUST1358,37.0,Male,West,Graduate,Self-Employed,708090.07,81952.98,Education,563.0,2,20,10.85,2022-01-28,0
CUST1359,60.0,Female,East,Post-Graduate,Self-Employed,878398.7,532685.42,Business,691.0,1,209,17.21,2018-08-16,0
CUST1360,53.0,Female,East,Primary,Self-Employed,364805.15,351166.31,Car,619.0,4,43,78.65,2022-08-05,0
CUST1361,29.0,Male,East,Secondary,Self-Employed,651700.77,593511.41,Other,,5,93,75.58,2019-05-14,0
CUST1362,63.0,Female,South,Post-Graduate,Salaried,762908.18,313073.32,Other,719.0,1,260,87.79,2025-01-12,1
CUST1363,59.0,Female,West,Post-Graduate,Self-Employed,381275.24,265326.4,Car,602.0,2,258,82.63,2025-07-12,0
CUST1364,49.0,Male,North,Post-Graduate,Salaried,702478.02,1774348.65,Other,726.0,3,220,68.07,2023-03-01,0
CUST1365,,Female,South,Secondary,Salaried,1071659.8,368334.93,Home,725.0,3,176,14.45,2023-07-09,0
CUST1366,,Female,North,Post-Graduate,Salaried,789692.45,230698.74,Car,700.0,2,141,76.54,2021-03-08,0
CUST1367,55.0,Female,North,Secondary,Salaried,879386.3,260665.15,Business,855.0,0,182,81.87,2021-07-23,0
CUST1368,45.0,Male,South,Post-Graduate,Salaried,36898.27,129162.4,Car,670.0,0,81,77.92,2024-05-27,0
CUST1369,44.0,Male,North,Secondary,Unemployed,1039492.21,271763.88,Education,660.0,0,192,53.22,2020-12-12,0
CUST1370,33.0,Female,West,Graduate,Salaried,603469.41,471735.81,Business,728.0,3,19,29.8,2019-12-16,0
CUST1371,27.0,Male,North,Graduate,Salaried,457828.42,325276.25,Education,676.0,1,296,81.85,2020-08-05,0
CUST1372,56.0,Male,West,Graduate,Salaried,606340.54,531631.75,Business,761.0,5,218,71.81,2025-05-19,0
CUST1373,65.0,Male,West,Graduate,Self-Employed,278744.46,316622.7,Other,591.0,2,212,93.36,2025-06-24,0
CUST1374,40.0,Male,West,Graduate,Salaried,911985.52,92326.76,Car,592.0,3,173,23.23,2020-05-19,0
CUST1375,21.0,Male,East,Post-Graduate,Self-Employed,566151.07,457509.48,Home,734.0,4,284,29.18,2020-12-06,1
CUST1376,28.0,Male,North,Post-Graduate,,465342.3,228747.83,Business,598.0,0,150,28.0,2018-04-04,0
CUST1377,36.0,Male,South,Post-Graduate,Salaried,607986.23,307993.89,Business,723.0,0,267,77.37,2019-07-14,0
CUST1378,34.0,Male,South,Secondary,Salaried,929503.91,572762.97,Education,706.0,0,8,25.89,2022-11-11,0
CUST1379,32.0,,North,Secondary,Self-Employed,682864.6,141043.32,Other,631.0,1,94,15.67,2024-03-10,0
CUST1380,43.0,Female,East,Secondary,Salaried,297576.56,379653.88,Education,706.0,1,64,94.88,2019-03-12,1
CUST1381,35.0,Male,East,Secondary,Salaried,9194942.52,2056240.2000000002,Education,594.0,1,20,12.11,2020-05-01,0
CUST1382,48.0,Female,West,Graduate,Salaried,417755.01,476166.63,Other,610.0,1,231,81.0,2024-12-30,0
CUST1383,54.0,Male,North,Graduate,Salaried,,503927.61,Home,663.0,2,33,41.06,2025-11-23,0
CUST1384,22.0,Female,North,Graduate,,1024001.8,397491.02,Education,686.0,1,155,81.54,2025-05-22,0
CUST1385,52.0,Female,South,Primary,Salaried,764307.47,285132.56,Education,659.0,1,249,57.14,2018-07-24,1
CUST1386,43.0,Other,North,Post-Graduate,Salaried,630432.33,435207.05,Business,710.0,3,274,86.64,2024-08-25,0
CUST1387,42.0,Female,East,Secondary,Salaried,,590418.06,Other,707.0,1,83,88.73,2021-01-04,0
CUST1388,45.0,Female,North,Secondary,Salaried,999269.88,345087.81,Car,787.0,2,293,10.77,2018-03-18,0
CUST1389,42.0,Female,South,Graduate,Salaried,1421788.79,301893.9,Home,673.0,1,157,16.41,2020-03-26,0
CUST1390,42.0,Male,West,Secondary,Salaried,762195.13,419870.65,Home,764.0,2,281,31.28,2020-02-07,1
CUST1391,62.0,Male,South,Secondary,Self-Employed,392591.33,356970.86,Other,744.0,3,283,66.89,2024-09-23,0
CUST1392,26.0,Female,South,Post-Graduate,Salaried,611383.62,109212.3,Business,841.0,3,61,85.5,2018-04-16,0
CUST1393,35.0,Male,West,Graduate,Self-Employed,757643.17,393079.54,Business,,0,190,49.1,2025-02-11,0
CUST1394,63.0,,South,Post-Graduate,Self-Employed,62617.92,107582.77,Other,651.0,2,97,61.59,2025-11-13,0
CUST1395,57.0,Male,South,Primary,Salaried,733624.8,417406.52,Business,768.0,0,280,26.02,2023-11-06,0
CUST1396,53.0,Male,North,Primary,Self-Employed,759106.28,206514.31,Home,707.0,3,162,78.42,2022-10-13,0
CUST1397,28.0,Male,North,Primary,Salaried,981585.55,356637.46,Home,770.0,3,279,92.22,2022-01-05,0
CUST1398,64.0,Male,West,Graduate,,955530.83,420306.9,Car,730.0,1,185,32.83,2025-01-31,0
CUST1399,64.0,Female,North,Secondary,Salaried,677793.04,791702.6,Other,533.0,0,81,52.06,2018-09-02,0
CUST1400,25.0,Male,North,Graduate,Salaried,1028659.23,483694.99,Education,706.0,1,155,17.32,2025-03-10,1
CUST1401,59.0,Male,South,Graduate,,1158919.58,595663.79,Education,702.0,1,242,57.53,2021-11-06,0
CUST1402,24.0,,East,Secondary,,656987.86,686914.61,Car,689.0,1,293,52.74,2020-09-08,0
CUST1403,26.0,Male,North,Post-Graduate,Self-Employed,754546.77,438066.07,Car,671.0,2,235,22.28,2025-07-27,0
CUST1404,65.0,Female,East,Primary,Salaried,208175.66,401424.16,Business,569.0,4,22,47.58,2022-10-03,0
CUST1405,52.0,Male,North,Post-Graduate,Salaried,287256.68,157990.2,Car,741.0,2,77,38.4,2018-05-22,0
CUST1406,50.0,Female,North,Primary,Unemployed,440450.92,329006.61,Car,706.0,3,193,54.36,2020-06-11,1
CUST1407,55.0,Female,West,Graduate,Salaried,539095.42,219844.21,Education,757.0,2,21,59.78,2021-10-23,0
CUST1408,60.0,Female,West,Primary,Self-Employed,375969.24,277809.41,Business,572.0,3,23,10.72,2024-07-27,0
CUST1409,36.0,Female,West,Graduate,Self-Employed,641001.15,686719.41,Car,715.0,3,223,74.69,2019-06-29,0
CUST1410,33.0,Female,East,Post-Graduate,Salaried,546572.71,370631.87,Car,664.0,0,124,70.61,2024-01-09,0
CUST1411,62.0,Other,South,Graduate,Salaried,917723.81,192338.08,Business,690.0,1,105,41.13,2022-01-09,0
CUST1412,50.0,Male,North,Post-Graduate,Salaried,531306.59,597416.02,Other,664.0,2,38,14.5,2025-05-24,0
CUST1413,39.0,Male,North,Secondary,Salaried,78320.51,521949.59,Business,718.0,3,88,74.17,2020-02-02,0
CUST1414,37.0,Male,North,Secondary,Self-Employed,7495815.69,531377.63,Education,,0,200,91.19,2019-09-16,0
CUST1415,39.0,Male,East,Secondary,Salaried,646450.49,11103.44,Other,606.0,1,206,30.41,2019-10-18,0
CUST1416,48.0,Female,West,Graduate,Self-Employed,434487.53,700760.77,Home,686.0,4,15,37.5,2024-11-02,0
CUST1417,46.0,Female,South,Secondary,Salaried,,249467.35,Business,665.0,2,222,25.62,2025-07-31,0
CUST1418,57.0,,East,Primary,Unemployed,381183.85,490031.86,Education,674.0,1,257,59.04,2021-06-01,0
CUST1419,46.0,Male,West,Post-Graduate,Salaried,732459.99,804283.96,Other,457.0,1,226,23.16,2018-02-12,0
CUST1420,43.0,Male,East,Post-Graduate,Salaried,,737959.89,Business,728.0,1,84,40.28,2024-04-30,0
CUST1421,29.0,Female,South,Primary,Salaried,198598.63,174038.82,Car,658.0,3,11,69.25,2020-10-23,0
CUST1422,32.0,Female,West,Graduate,,520939.48,89986.88,Business,,1,276,57.61,2022-07-19,0
CUST1423,21.0,Male,East,Graduate,Self-Employed,480873.72,607462.39,Home,745.0,2,231,42.85,2021-07-15,0
CUST1424,21.0,Female,South,Post-Graduate,Self-Employed,541685.03,375570.05,Business,725.0,5,20,45.72,2019-08-19,0
CUST1425,54.0,Female,North,Secondary,Salaried,904981.14,259841.34,Other,657.0,0,16,57.78,2020-10-09,0
CUST1426,,Male,South,Graduate,Salaried,785706.64,461819.34,Other,599.0,3,295,10.5,2024-02-03,0
CUST1427,45.0,Female,North,Graduate,Salaried,862191.63,2886135.12,Business,692.0,2,245,16.67,2023-10-12,0
CUST1428,60.0,Female,East,Primary,,657623.88,476238.34,Other,689.0,1,25,84.91,2020-08-15,1
CUST1429,65.0,Male,West,Primary,Salaried,319475.17,362056.73,Car,,1,182,16.62,2019-07-15,0
CUST1430,21.0,Male,West,Secondary,,371328.66,480029.83,Business,649.0,3,232,70.08,2021-08-23,0
CUST1431,36.0,Male,East,Graduate,Unemployed,836564.93,188984.12,Car,950.0,1,277,88.2,2021-08-05,0
CUST1432,59.0,Male,West,Graduate,Unemployed,692707.97,606403.16,Car,642.0,1,292,33.01,2022-12-27,0
CUST1433,25.0,Female,West,Primary,Self-Employed,965051.85,475572.21,Education,586.0,1,138,41.49,2022-03-31,0
CUST1434,42.0,Female,North,Graduate,Salaried,723315.53,466333.53,Business,601.0,2,287,58.36,2020-04-29,0
CUST1435,49.0,Male,East,Post-Graduate,Salaried,354246.25,148819.41,Other,676.0,1,157,84.95,2021-07-02,0
CUST1436,23.0,Male,South,Primary,Salaried,519524.55,655933.83,Car,675.0,2,70,90.06,2025-04-05,0
CUST1437,32.0,,North,Secondary,Self-Employed,791203.54,347531.1,Education,703.0,3,141,72.86,2022-03-14,0
CUST1438,,Male,East,Primary,Salaried,827583.12,481048.8,Business,674.0,2,96,17.36,2022-12-20,0
CUST1439,36.0,,North,Graduate,Salaried,863777.16,291891.6,Business,748.0,3,263,66.88,2022-10-08,0
CUST1440,57.0,Male,South,Secondary,Salaried,387868.97,396960.03,Home,662.0,2,107,44.88,2019-08-29,0
CUST1441,42.0,Male,South,Primary,Salaried,349742.46,403482.92,Home,540.0,1,59,50.01,2025-11-17,0
CUST1442,49.0,Male,East,Post-Graduate,Self-Employed,602549.37,157587.57,Car,672.0,2,261,14.18,2022-01-26,0
CUST1443,34.0,Female,South,Post-Graduate,,1010018.38,454840.66,Home,540.0,3,105,26.24,2021-07-18,0
CUST1444,,Male,North,Primary,Salaried,476532.92,703761.46,Car,699.0,2,202,77.19,2020-01-16,0
CUST1445,25.0,Female,South,Post-Graduate,Unemployed,763742.97,447160.45,Other,754.0,0,230,48.59,2019-07-12,0
CUST1446,50.0,Male,North,Post-Graduate,Self-Employed,763765.28,177612.52,Car,611.0,3,241,35.64,2023-10-13,0
CUST1447,25.0,,North,Post-Graduate,Salaried,840193.19,466993.08,Home,779.0,1,30,42.64,2020-07-30,1
CUST1448,,Female,South,Secondary,Salaried,1066110.06,540706.5,Other,739.0,1,125,82.62,2024-04-15,1
CUST1449,,Male,East,Post-Graduate,Salaried,1040476.61,442243.97,Home,764.0,4,186,73.66,2021-06-23,0
CUST1450,46.0,Male,West,Post-Graduate,Salaried,501348.54,336657.12,Car,693.0,3,203,33.15,2020-07-28,0
CUST1451,46.0,Female,South,Post-Graduate,Unemployed,,306413.14,Education,611.0,3,259,19.99,2022-05-30,0
CUST1452,41.0,Female,North,Secondary,,480367.67,305664.24,Business,735.0,2,126,31.42,2024-01-14,0
CUST1453,,Male,North,Primary,Self-Employed,668918.07,475599.84,Home,636.0,1,35,88.26,2025-08-14,0
CUST1454,,Male,South,Graduate,Salaried,559588.68,96717.68,Car,688.0,1,289,59.44,2022-09-22,0
CUST1455,53.0,Female,East,Post-Graduate,Salaried,5709873.7,283062.83,Other,668.0,0,110,55.35,2020-09-11,1
CUST1456,50.0,Female,East,Primary,Salaried,654695.08,637209.77,Home,759.0,4,228,60.69,2022-05-07,0
CUST1457,57.0,Male,North,Post-Graduate,Salaried,813427.97,644155.15,Home,731.0,3,277,41.11,2021-08-29,0
CUST1458,43.0,Female,North,Secondary,Salaried,704303.58,83933.52,Business,,0,236,78.6,2023-02-18,0
CUST1459,30.0,Male,East,Primary,Unemployed,563341.7,146345.55,Car,543.0,0,260,54.48,2019-10-24,1
CUST1460,25.0,Female,West,Secondary,Salaried,168797.08,301288.3,Education,636.0,6,28,19.92,2018-02-02,0
CUST1461,56.0,Male,South,Post-Graduate,Salaried,630345.59,510666.11,Other,729.0,2,113,20.97,2022-12-22,0
CUST1462,,Male,North,Post-Graduate,,,147382.34,Car,700.0,6,195,55.63,2025-02-18,0
CUST1463,51.0,Male,North,Secondary,Salaried,338885.4,340134.45,Other,575.0,0,29,89.61,2023-10-22,1
CUST1464,30.0,Female,East,Graduate,Salaried,196281.74,2381829.75,Home,554.0,2,191,36.21,2023-03-05,0
CUST1465,39.0,Male,South,Secondary,Salaried,1134097.33,2354694.56,Business,694.0,0,292,83.91,2025-11-12,1
CUST1466,52.0,Male,East,Post-Graduate,Salaried,835520.74,48156.47,Business,250.0,1,120,74.95,2021-03-02,0
CUST1467,21.0,Male,South,Secondary,Salaried,696854.97,366657.31,Education,613.0,6,41,31.06,2018-03-02,0
CUST1468,25.0,Male,South,Graduate,Salaried,990668.47,279150.3,Business,727.0,1,286,13.09,2022-03-24,0
CUST1469,65.0,Other,South,Secondary,Salaried,442124.51,614563.81,Home,764.0,2,141,18.66,2018-09-29,0
CUST1470,24.0,Male,North,Graduate,Salaried,623351.31,457577.48,Education,,1,231,71.92,2024-04-12,0
CUST1471,36.0,Female,West,Graduate,Salaried,888788.53,244553.18,Car,677.0,1,186,26.97,2021-04-14,1
CUST1472,44.0,Female,East,Secondary,,,503609.56,Business,675.0,4,90,41.56,2025-04-29,0
CUST1473,36.0,Male,West,Secondary,Self-Employed,357863.92,280010.81,Education,669.0,5,57,52.64,2022-12-12,0
CUST1474,22.0,Male,East,Primary,Salaried,970183.61,529879.35,Home,,3,239,71.66,2025-07-15,0
CUST1475,48.0,Male,South,Post-Graduate,Salaried,745459.77,307326.14,Other,733.0,1,271,19.62,2025-06-02,0
CUST1476,52.0,Male,North,Graduate,Unemployed,690765.27,539839.98,Other,633.0,2,291,44.54,2021-02-28,0
CUST1477,47.0,Male,West,Primary,,648067.69,428494.75,Home,573.0,3,104,51.23,2021-01-30,0
CUST1478,40.0,Male,North,Secondary,Salaried,303838.34,936888.39,Home,798.0,3,91,55.97,2018-11-06,0
CUST1479,,Female,East,Post-Graduate,Self-Employed,890772.25,340478.72,Other,756.0,3,19,79.56,2021-08-08,0
CUST1480,32.0,Male,North,Primary,Salaried,454432.74,418915.21,Education,603.0,3,105,24.59,2022-10-12,1
CUST1481,55.0,Male,North,Graduate,Salaried,380077.32,263703.55,Other,689.0,2,169,78.67,2024-12-17,0
CUST1482,53.0,Female,West,Primary,Salaried,871364.74,350483.36,Home,751.0,3,33,68.89,2018-12-04,1
CUST1483,53.0,Male,South,Graduate,Salaried,847283.51,136330.32,Business,732.0,5,118,57.25,2025-03-11,0
CUST1484,63.0,Female,North,Secondary,Unemployed,669750.02,433805.12,Car,712.0,0,111,69.46,2018-01-10,0
CUST1485,57.0,Female,South,Post-Graduate,Self-Employed,919885.91,591717.36,Business,250.0,1,134,45.02,2018-02-18,0
CUST1486,32.0,Male,East,Post-Graduate,Salaried,1006484.15,421393.4,Business,801.0,3,88,21.76,2022-02-19,0
CUST1487,23.0,Female,North,Post-Graduate,Salaried,977056.02,113504.94,Home,695.0,1,275,66.59,2025-04-24,1
CUST1488,21.0,Male,West,Secondary,Salaried,,205678.31,Other,644.0,0,248,54.6,2021-09-06,0
CUST1489,53.0,Male,East,Graduate,,903526.23,87434.58,Education,741.0,1,218,64.35,2020-01-01,0
CUST1490,60.0,Male,East,Secondary,Self-Employed,702910.24,526206.32,Business,,3,170,38.73,2020-03-05,1
CUST1491,30.0,Male,West,Post-Graduate,,1081476.94,168827.61,Other,704.0,3,283,87.08,2022-07-07,0
CUST1492,63.0,Female,North,Secondary,Salaried,619067.92,344832.45,Education,694.0,3,63,59.93,2018-05-13,0
CUST1493,64.0,Male,North,Secondary,Self-Employed,560882.09,322327.24,Business,715.0,2,94,17.26,2023-11-01,0
CUST1494,49.0,Male,East,Secondary,Salaried,496550.78,617790.87,Education,612.0,2,198,48.23,2023-10-06,1
CUST1495,33.0,Male,North,Graduate,Self-Employed,697321.97,365350.64,Other,578.0,2,127,74.29,2019-01-11,0
CUST1496,32.0,Female,South,Primary,,,495600.73,Car,780.0,3,140,77.5,2024-07-24,0
CUST1497,51.0,Male,West,Primary,Unemployed,771490.57,448363.48,Other,697.0,2,143,52.04,2018-09-28,0
CUST1498,22.0,Female,South,Secondary,,737293.14,594694.06,Home,734.0,1,233,86.05,2022-02-15,1
CUST1499,55.0,Male,North,Primary,Salaried,,306957.73,Education,557.0,2,278,32.75,2023-11-29,0
